,mutual_information,random_forest_importance,mi_rank,rf_rank,combined_rank
577,0.02660374612602112,0.005400807948882208,5.0,21.0,26.0
130,0.020477558065256085,0.011487019711807137,24.0,5.0,29.0
91,0.023237613919036892,0.0041854830345505484,13.0,34.0,47.0
510,0.016051022513804636,0.00758619808530063,45.0,11.0,56.0
309,0.021669877088041467,0.003813790577022543,18.0,40.0,58.0
103,0.014045144899877515,0.023427734562501128,61.0,1.0,62.0
331,0.018579687219495877,0.004310199345617502,32.0,33.0,65.0
125,0.016242704914492645,0.004969240896209729,42.0,24.0,66.0
477,0.01457575868116101,0.0068585513018539525,58.0,13.0,71.0
573,0.018638560345531463,0.0036606938934640077,31.0,42.0,73.0
65,0.01486737485477252,0.004881614867626358,56.0,25.0,81.0
126,0.017076917029875904,0.003613024059671756,38.0,45.0,83.0
56,0.016756842832505336,0.003606342060518137,39.0,46.0,85.0
269,0.021978069586659377,0.002857839803701785,15.0,76.0,91.0
519,0.01178979235517108,0.008460166337441894,86.0,8.0,94.0
288,0.02126649985116358,0.002824881292974072,20.0,80.0,100.0
132,0.01713726774088853,0.0029850322467464513,37.0,68.0,105.0
307,0.014811990684423515,0.0035080572744895806,57.0,48.0,105.0
122,0.014176585031370204,0.0035833502229209624,60.0,47.0,107.0
267,0.01542361555407945,0.0032135905178626587,50.0,57.0,107.0
33,0.009503777606156838,0.012694857514300576,105.0,3.0,108.0
489,0.012379226620952366,0.004098694689564681,78.0,36.0,114.0
137,0.013130641426069012,0.003490750041057668,65.0,50.0,115.0
146,0.010288608629833274,0.005523010531033526,97.0,19.0,116.0
416,0.01866857017518031,0.0026987081933880185,29.0,89.0,118.0
131,0.020473348006182723,0.0026558505573440363,25.0,94.0,119.0
247,0.009173267159766185,0.0076786222256291815,110.0,10.0,120.0
138,0.026256331961821866,0.002418011240759249,6.0,115.0,121.0
270,0.015129485291496048,0.002840862354609296,52.0,78.0,130.0
121,0.012012972599110494,0.0031728174047710067,81.0,60.0,141.0
70,0.021475780211552165,0.00233833736739766,19.0,124.0,143.0
28,0.009447288390405095,0.0038559538238473376,107.0,38.0,145.0
64,0.007011021858684741,0.01044207022511411,141.0,6.0,147.0
319,0.007542675726246895,0.0060549653816966715,134.0,15.0,149.0
195,0.011219987791910802,0.0030949970051784154,92.0,63.0,155.0
411,0.03188903706403501,0.0021717235844246016,1.0,154.0,155.0
14,0.009508708860601844,0.0034617843293626442,104.0,52.0,156.0
539,0.01306280579937602,0.0026932283497904386,69.0,90.0,159.0
488,0.007397276786573537,0.004973413758554955,137.0,23.0,160.0
180,0.007416176460869783,0.004787843778848877,136.0,26.0,162.0
522,0.00822472099938043,0.00362906384567597,121.0,43.0,164.0
78,0.01586032421666994,0.0024104316314174238,47.0,118.0,165.0
308,0.01288796837181816,0.0026201640681783184,71.0,99.0,170.0
63,0.01025625787178086,0.0028706360673821977,98.0,75.0,173.0
15,0.01159529537589532,0.002773570658970716,88.0,86.0,174.0
55,0.008088681039444934,0.003481643260395764,124.0,51.0,175.0
452,0.010622854849379193,0.002737357746494569,95.0,87.0,182.0
182,0.01508623423372013,0.0023101336860615585,55.0,130.0,185.0
547,0.008949009869439806,0.0028892766073064383,113.0,73.0,186.0
417,0.008711433279019909,0.002902908232791873,114.0,72.0,186.0
587,0.009141552165916389,0.002852568123228624,111.0,77.0,188.0
320,0.01636696785260794,0.0022157851358281327,41.0,147.0,188.0
406,0.02473056309898425,0.0020567942973157317,10.0,179.0,189.0
541,0.024409263403014192,0.0020630262686859775,11.0,178.0,189.0
563,0.00729219640550105,0.00345522766181604,138.0,53.0,191.0
128,0.027150250224818206,0.001966526905147212,4.0,191.0,195.0
344,0.013925351277831455,0.002269813530989235,62.0,136.0,198.0
9,0.011837099489474756,0.0024108875708275415,84.0,117.0,201.0
39,0.0055104669894450176,0.003911925516007534,166.0,37.0,203.0
200,0.0044567829504849055,0.0058232512893567345,187.0,17.0,204.0
290,0.008118782919570577,0.0027886600636720404,122.0,83.0,205.0
540,0.015453463660845879,0.002163592659792971,49.0,156.0,205.0
323,0.01139978507871331,0.002369418020735781,90.0,119.0,209.0
333,0.008695422874890335,0.0026867138250453075,117.0,93.0,210.0
455,0.004835088943776711,0.0045878416773798905,181.0,29.0,210.0
273,0.016121914556429973,0.0021008667160364366,44.0,167.0,211.0
339,0.012576019926685333,0.002247955157074429,76.0,138.0,214.0
143,0.012669804877544433,0.002222350420572411,73.0,144.0,217.0
341,0.003271132294462298,0.008782183654739373,210.0,7.0,217.0
37,0.015128920570760984,0.002103501960635747,53.0,165.0,218.0
589,0.019305679505780216,0.0019152722454474531,26.0,200.0,226.0
153,0.01831407536370744,0.001948984622618187,33.0,194.0,227.0
407,0.01187426530504565,0.0021797432951821175,83.0,152.0,235.0
480,0.0055369661740618525,0.0028730821090648642,162.0,74.0,236.0
21,0.0033510263654501493,0.004435096736480383,207.0,31.0,238.0
225,0.012657396908891894,0.0021039420772689275,74.0,164.0,238.0
425,0.007291422764512001,0.002613387821309492,139.0,100.0,239.0
79,0.003812988622841962,0.003765592450539908,199.0,41.0,240.0
31,0.002210538248375693,0.011669164926334076,236.0,4.0,240.0
280,0.0030638995468970087,0.004782677738176351,216.0,27.0,243.0
59,0.0019667913983896224,0.014956995578199928,244.0,2.0,246.0
588,0.025876729443718327,0.001733640736564574,8.0,239.0,247.0
35,0.00897736886886813,0.0022825202350287782,112.0,135.0,247.0
6,0.013126497780182822,0.0020448332886414088,66.0,182.0,248.0
41,0.02614252506562109,0.00171629747961412,7.0,245.0,252.0
27,0.010063440379665778,0.002164962148957891,101.0,155.0,256.0
174,0.020877396697811523,0.0017349638437795275,21.0,238.0,259.0
443,0.020717412885824738,0.0017228365604969504,22.0,241.0,263.0
172,0.016226539855119126,0.001808071160356261,43.0,224.0,267.0
275,0.02376985453068925,0.0016624842586612158,12.0,257.0,269.0
213,0.0013874349540448083,0.006417357349928981,256.0,14.0,270.0
490,0.004536194995310439,0.00277779037332888,186.0,85.0,271.0
274,0.02574694373423858,0.0016226350856441889,9.0,266.0,275.0
366,0.012538936500530173,0.0019251536905056045,77.0,198.0,275.0
160,0.00324200515276174,0.0030929718786389007,211.0,64.0,275.0
40,0.021820753102766766,0.0016460623730992152,17.0,260.0,277.0
351,0.0011502915067989061,0.005813912697483069,264.0,18.0,282.0
415,0.018648207339620138,0.0016792861698539537,30.0,252.0,282.0
57,0.01115810840741549,0.0019564231112906985,93.0,192.0,285.0
570,0.01767440063439074,0.00169416628505971,36.0,250.0,286.0
227,0.004089777681981488,0.0026878305488651443,194.0,92.0,286.0
410,0.0024713002181639965,0.0032016134063711727,230.0,58.0,288.0
310,0.004946185272977743,0.002477954838960121,179.0,110.0,289.0
102,0.0005324341200951821,0.005983192606875426,274.0,16.0,290.0
133,0.01510683499768839,0.0017617073117705702,54.0,236.0,290.0
377,0.004429843220556506,0.002594888649971612,188.0,103.0,291.0
405,0.013121491216871117,0.0018077878385970067,67.0,225.0,292.0
2,0.0226055660520581,0.0015622257782366624,14.0,279.0,293.0
0,0.001392482782015314,0.0038355906390945688,255.0,39.0,294.0
433,0.008272173696310947,0.002069947501076022,120.0,175.0,295.0
205,2.6494589907111177e-05,0.007697806957887606,287.0,9.0,296.0
12,0.0058611828335446425,0.002244829493792324,159.0,140.0,299.0
181,0.006353473313713387,0.002196037403170767,152.0,150.0,302.0
268,0.01789282763134037,0.0016124689900251,35.0,267.0,302.0
239,0.005812655670033973,0.0022316902596267547,160.0,143.0,303.0
127,0.011298098313884841,0.0018578743671012535,91.0,212.0,303.0
135,0.005175406073468114,0.0022898624368262463,173.0,134.0,307.0
428,0.013629760529225265,0.0017166474700984076,63.0,244.0,307.0
469,0.0021624665688251277,0.0029349048864893332,239.0,69.0,308.0
25,0.003865353833258034,0.002440412037996054,198.0,112.0,310.0
467,0.006344842870173117,0.0021445148643303314,154.0,157.0,311.0
562,0.009493471188695368,0.001835920939772921,106.0,216.0,322.0
26,0.011831397783671482,0.0017254560962400994,85.0,240.0,325.0
197,0.0014865336976523924,0.0029216793090800484,254.0,71.0,325.0
447,0.01296816298165604,0.0016650704276383905,70.0,256.0,326.0
168,0.00933737040745064,0.00183094249410687,108.0,219.0,327.0
334,0.002722090520794085,0.0025219507766066985,221.0,107.0,328.0
424,0.009290844539222354,0.0018300104815656385,109.0,220.0,329.0
390,0.00030089660875720625,0.0034960453778744563,281.0,49.0,330.0
250,0.00457035400414485,0.0022170425065298166,185.0,146.0,331.0
459,0.0037644429734151608,0.0023059367909612385,200.0,132.0,332.0
36,0.005534134813006242,0.0020885697741666797,163.0,171.0,334.0
58,0.005291238230493045,0.0021033690411868234,168.0,166.0,334.0
84,0.01919259361982406,0.0014624035672215544,28.0,307.0,335.0
574,0.01669549872695697,0.0015082071092929654,40.0,297.0,337.0
408,0.0020086793069122866,0.0026426233937356064,242.0,95.0,337.0
475,0.002163150983258255,0.002607481250300643,238.0,102.0,340.0
140,0.01144307994066196,0.0016845725239670703,89.0,251.0,340.0
413,0.02186831036707293,0.0014003749713220467,16.0,325.0,341.0
3,0.010105371803193375,0.001718319806274838,100.0,242.0,342.0
575,0.012628998613426035,0.0015995597461294793,75.0,270.0,345.0
177,0.012291846390257932,0.001609079977358657,79.0,268.0,347.0
277,0.027380382233905598,0.0013040484249124123,3.0,344.0,347.0
497,0.01272450624163457,0.0015686498352212512,72.0,277.0,349.0
561,0.005010553949190033,0.0020772266202625927,178.0,173.0,351.0
586,0.006462830595056479,0.0018905952496574973,149.0,203.0,352.0
546,0.007939823394334855,0.0018050512331165827,126.0,228.0,354.0
572,0.015387509917689002,0.0014650536613798578,51.0,304.0,355.0
32,0.0026172384435165785,0.0023032901596691095,224.0,133.0,357.0
124,0.001759931768573253,0.002506998762910517,249.0,109.0,358.0
321,0.0042468218413878045,0.002096510529861697,192.0,168.0,360.0
113,0.006519188250005525,0.001835496418730786,147.0,217.0,364.0
454,0.0018684688693135776,0.002361097729375177,247.0,121.0,368.0
184,0.0020621550927097942,0.002322302133748913,240.0,128.0,368.0
511,0.0052839180925636775,0.0019185004901746874,170.0,199.0,369.0
228,0.00871056800534653,0.0016663041979641316,115.0,254.0,369.0
582,0.0006087255215203591,0.0026221200349548683,272.0,98.0,370.0
291,0.0018911728346295842,0.00232549042665558,246.0,127.0,373.0
154,0.005457646439033903,0.0018750427836437369,167.0,207.0,374.0
117,0.00511220719928307,0.0018998917536126563,175.0,201.0,376.0
129,0.0,0.0071233660305358715,367.0,12.0,379.0
115,0.008706169249055318,0.0016327675799361564,116.0,264.0,380.0
338,0.019226309768196614,0.001270652853484337,27.0,354.0,381.0
412,0.027778233502627758,0.0011372781577157407,2.0,383.0,385.0
34,0.007828738941765279,0.001653994827953345,128.0,258.0,386.0
183,0.0,0.005406800366698191,367.0,20.0,387.0
203,0.0013375848466343765,0.0023117120016839065,259.0,129.0,388.0
484,0.0002320395169190803,0.0025222660150205816,282.0,106.0,388.0
281,0.0,0.0051164312696293165,367.0,22.0,389.0
421,0.0035239158286142214,0.002009695902934796,206.0,185.0,391.0
583,0.008635015819807856,0.0015794738198906314,118.0,274.0,392.0
81,0.0,0.004597850026878289,367.0,28.0,395.0
282,0.008571593908590414,0.0015755564020145222,119.0,276.0,395.0
524,0.0,0.004564780814745297,367.0,30.0,397.0
585,0.00806563770287716,0.0015801030334387724,125.0,273.0,398.0
460,0.0,0.004372972585193881,367.0,32.0,399.0
343,0.0025044603210571115,0.002079922153455413,229.0,172.0,401.0
152,0.0,0.004179122322752292,367.0,35.0,402.0
51,0.005201844882292583,0.0017968563966207674,172.0,231.0,403.0
105,0.0009965959680686698,0.0022507596359673024,266.0,137.0,403.0
38,0.007110876181367853,0.0016388032245320094,140.0,263.0,403.0
445,0.002531715866368245,0.002069908225565285,228.0,176.0,404.0
43,0.004083431336818766,0.001845100717914195,195.0,214.0,409.0
493,0.0001815614584652625,0.0023274090555503103,283.0,126.0,409.0
423,0.0,0.003615022442533839,367.0,44.0,411.0
289,0.015775840709415068,0.0012150101138793255,48.0,366.0,414.0
567,0.0015973756130926997,0.0021226564231332065,252.0,163.0,415.0
134,0.007785976442812315,0.0015455249880751306,129.0,288.0,417.0
312,0.01800516010004527,0.0011324018572444262,34.0,384.0,418.0
571,0.020525831233437986,0.0010649094939362796,23.0,397.0,420.0
348,0.0,0.003331497462231741,367.0,54.0,421.0
252,0.0,0.0032684640666766082,367.0,55.0,422.0
311,0.007693969760767416,0.0015217131359694701,131.0,292.0,423.0
16,0.0,0.003255012167099224,367.0,56.0,423.0
173,0.013471065809866678,0.0012426746279344749,64.0,359.0,423.0
559,0.00551768763999938,0.0016470353715294214,165.0,259.0,424.0
576,0.00993192993926928,0.00141528448226053,102.0,323.0,425.0
272,0.0,0.0031925843674470954,367.0,59.0,426.0
210,0.0040283051403218195,0.0018034252399693367,197.0,229.0,426.0
359,0.004224680566829786,0.0017868489485280863,193.0,234.0,427.0
444,0.009901391096184486,0.0014043548069582897,103.0,324.0,427.0
337,0.0005069870364828866,0.00217675258806357,275.0,153.0,428.0
83,0.008094307798872213,0.0014640126756635926,123.0,305.0,428.0
100,0.0,0.0031702480050999353,367.0,61.0,428.0
318,0.0,0.003146378470989215,367.0,62.0,429.0
142,0.011943535436776731,0.001289782369933285,82.0,349.0,431.0
287,0.0,0.0030499496509946186,367.0,65.0,432.0
316,0.0,0.0030306027440525954,367.0,66.0,433.0
75,0.0,0.0030014771485955996,367.0,67.0,434.0
485,0.006446280234346569,0.001550133729272864,150.0,286.0,436.0
305,0.010246320443499712,0.001334257638402279,99.0,338.0,437.0
336,0.0,0.0029257264942743016,367.0,70.0,437.0
553,0.010459986679527411,0.0013192315381685034,96.0,342.0,438.0
430,0.0013665550619137434,0.002020210862196305,257.0,184.0,441.0
355,0.006465468908470884,0.0015085893901415045,148.0,296.0,444.0
365,0.0,0.0028405913225934935,367.0,79.0,446.0
176,0.002453466392325465,0.0018411726848651402,231.0,215.0,446.0
479,0.000855614676376959,0.0020664990894014965,269.0,177.0,446.0
542,0.012225852622730793,0.0012131056539102115,80.0,367.0,447.0
188,0.0,0.002822904137052546,367.0,81.0,448.0
304,0.0,0.002790405493179953,367.0,82.0,449.0
214,0.0,0.0027884652312396034,367.0,84.0,451.0
324,0.000554422570482549,0.002048201404537316,273.0,181.0,454.0
555,0.0,0.0027265588056802174,367.0,88.0,455.0
118,0.0026007966387096015,0.0017886052703315048,225.0,232.0,457.0
211,0.0015709664341356788,0.001882690463623455,253.0,205.0,458.0
123,0.00043397802547029407,0.0020523466565430626,278.0,180.0,458.0
107,0.0,0.0026916357824652948,367.0,91.0,458.0
368,0.004393911128919514,0.001584387447379542,189.0,272.0,461.0
54,0.0019780267287645703,0.0018318715898448664,243.0,218.0,461.0
285,0.0004233676854714652,0.002024064632373271,279.0,183.0,462.0
253,0.005173456218613204,0.0015384500446141308,174.0,289.0,463.0
294,0.0,0.0026399705388055455,367.0,96.0,463.0
551,0.005949871659490791,0.0014522064975470007,155.0,309.0,464.0
431,0.0,0.0026391247885961624,367.0,97.0,464.0
357,0.004890398867502199,0.0015532750763036017,180.0,285.0,465.0
175,0.00035307891295754956,0.0020013918060433067,280.0,186.0,466.0
50,0.0,0.002608753943483027,367.0,101.0,468.0
385,0.0,0.0025879001562579894,367.0,104.0,471.0
434,0.0,0.0025439016825834077,367.0,105.0,472.0
298,0.0,0.002509844314559799,367.0,108.0,475.0
448,0.011628297339660865,0.00112458007539436,87.0,389.0,476.0
99,0.0,0.0024414561591950537,367.0,111.0,478.0
187,0.004600816915050432,0.0015087904559488532,184.0,295.0,479.0
7,0.0,0.0024346828812056125,367.0,113.0,480.0
86,0.0,0.0024254184981515542,367.0,114.0,481.0
544,0.01595584914474224,0.0002818897210571009,46.0,435.0,481.0
170,0.007617578143981341,0.0012894918947826868,132.0,350.0,482.0
419,0.0,0.002414832660571828,367.0,116.0,483.0
217,0.0016702165451143447,0.0017884495202586616,251.0,233.0,484.0
119,0.006715402371783918,0.0013214453662747762,144.0,341.0,485.0
98,0.003575965029682715,0.0015608269493740839,205.0,280.0,485.0
212,0.0076062651160082595,0.0012717323439294897,133.0,353.0,486.0
278,0.010814954484726025,0.0010820443770538646,94.0,393.0,487.0
552,0.0,0.0023681148970048516,367.0,120.0,487.0
163,0.0,0.002353946034881948,367.0,122.0,489.0
68,0.0,0.0023463675563978412,367.0,123.0,490.0
208,0.0,0.002331167906641993,367.0,125.0,492.0
19,0.007461583789938775,0.0012581050290464415,135.0,358.0,493.0
61,0.006350937452991978,0.001326666787295951,153.0,340.0,493.0
438,0.004654094955077959,0.0014476106820497105,183.0,312.0,495.0
495,0.013067555293448718,0.0007394250800487146,68.0,427.0,495.0
20,0.0025401476874582496,0.001608407971456725,227.0,269.0,496.0
526,0.0058736974449205,0.0013304187801773811,158.0,339.0,497.0
296,0.00307178339356895,0.0015573544370357183,215.0,282.0,497.0
249,0.01445757248866153,0.00016730051165725815,59.0,438.0,497.0
44,0.0,0.00230817041899861,367.0,131.0,498.0
24,0.006824076142160518,0.0012682914830319271,143.0,356.0,499.0
120,0.00046185994241776385,0.001806483499223756,277.0,227.0,504.0
352,0.0,0.002247561418110508,367.0,139.0,506.0
218,0.0,0.0022339998900576183,367.0,141.0,508.0
116,0.0,0.0022324515236264698,367.0,142.0,509.0
361,0.0033501466423575543,0.001485532068892839,208.0,302.0,510.0
432,0.006938864887616747,0.0012060861172353483,142.0,369.0,511.0
30,0.00408320870108958,0.0014333808636328362,196.0,315.0,511.0
335,0.0,0.0022210426511426054,367.0,145.0,512.0
66,0.0,0.002205902454425479,367.0,148.0,515.0
468,0.0,0.0022011486515873,367.0,149.0,516.0
47,0.0,0.002185795491799628,367.0,151.0,518.0
474,0.004393414794188644,0.001340827044033892,190.0,335.0,525.0
453,0.0,0.0021426021017740835,367.0,158.0,525.0
136,0.003304861286834715,0.0014229341233939982,209.0,317.0,526.0
356,0.0,0.0021415827793626087,367.0,159.0,526.0
76,0.0,0.002138994029796627,367.0,160.0,527.0
17,0.006381033474592845,0.0011693213694251854,151.0,376.0,527.0
388,0.0,0.0021356955169933444,367.0,161.0,528.0
108,0.0,0.002124286937825253,367.0,162.0,529.0
22,0.005100932512534184,0.001269322717427248,176.0,355.0,531.0
543,0.0036687532182611005,0.0013979036107768302,203.0,328.0,531.0
363,0.005917309823964212,0.0011718889053386572,157.0,375.0,532.0
165,0.0013062842776141448,0.0015950180568567037,261.0,271.0,532.0
393,0.0006417241438407828,0.0016411705696450472,271.0,261.0,532.0
150,9.94133389378149e-05,0.0017009675373835633,286.0,248.0,534.0
62,0.002395447081577018,0.0014841324489013711,232.0,303.0,535.0
286,0.0,0.0020918859539857393,367.0,169.0,536.0
147,0.007757993112970318,0.0009966666184407637,130.0,406.0,536.0
391,0.0,0.0020898563051863217,367.0,170.0,537.0
332,0.00011350789418984597,0.001666003214710586,285.0,255.0,540.0
89,0.0031893049322506695,0.0013981620797457852,213.0,327.0,540.0
92,0.0,0.002076494978248861,367.0,174.0,541.0
386,0.006558334718358205,0.0010761106701315684,145.0,396.0,541.0
139,0.005031557339946202,0.0011878340903508286,177.0,372.0,549.0
251,0.005249480608248591,0.001153249330648508,171.0,379.0,550.0
317,0.0,0.001985450341176611,367.0,187.0,554.0
53,0.0,0.0019841151980631165,367.0,188.0,555.0
60,0.0,0.0019713975781489855,367.0,189.0,556.0
166,0.007861521675589511,0.0006992017681272349,127.0,430.0,557.0
441,0.0059256478458724615,0.0010263252276132065,156.0,401.0,557.0
487,0.0031936079777048487,0.001302810734234217,212.0,345.0,557.0
144,0.0,0.001969287250620492,367.0,190.0,557.0
29,0.002358033028522888,0.0014001218479194918,234.0,326.0,560.0
527,0.0,0.0019548482319278566,367.0,193.0,560.0
164,0.0,0.0019455716381568146,367.0,195.0,562.0
151,0.0,0.0019405513149119932,367.0,196.0,563.0
8,0.0,0.0019369138184084937,367.0,197.0,564.0
564,0.00576596609711344,0.0009972657145657037,161.0,405.0,566.0
483,0.0035805003898856658,0.0012328007809228282,204.0,362.0,566.0
202,0.0,0.001898480585169621,367.0,202.0,569.0
204,0.0,0.0018871183584986669,367.0,204.0,571.0
145,0.0,0.0018810937856236325,367.0,206.0,573.0
437,0.002049753467459947,0.001359205846800835,241.0,333.0,574.0
171,0.006537746643359821,0.0007230508610479872,146.0,428.0,574.0
95,0.003178738397827452,0.001235435591012637,214.0,361.0,575.0
353,0.0001641818144260121,0.0015236434993565534,284.0,291.0,575.0
48,0.0,0.001872440525560148,367.0,208.0,575.0
1,0.0,0.00187223506847706,367.0,209.0,576.0
223,0.0017639869463015323,0.0013929695348909995,248.0,329.0,577.0
90,0.0,0.0018706537296613553,367.0,210.0,577.0
560,0.0,0.0018700914161742421,367.0,211.0,578.0
409,0.0,0.0018577109949321259,367.0,213.0,580.0
482,0.005528755104247107,0.0008886517560235607,164.0,417.0,581.0
221,0.002623713520572668,0.001226264182795786,223.0,364.0,587.0
440,0.0008610580591688066,0.0014202523423348025,268.0,320.0,588.0
271,0.0,0.0018272932623235776,367.0,221.0,588.0
199,0.0,0.0018211498688883642,367.0,222.0,589.0
148,0.0,0.0018204138400109882,367.0,223.0,590.0
442,0.005288891572965859,0.0008491753106492136,169.0,421.0,590.0
426,0.0,0.001807116923640314,367.0,226.0,593.0
446,0.0028431182612782546,0.0011631885495054174,219.0,378.0,597.0
67,0.0,0.0017976185866462853,367.0,230.0,597.0
279,0.0,0.001786279687306975,367.0,235.0,602.0
470,0.002585029576313236,0.0011669835844372856,226.0,377.0,603.0
159,0.0,0.0017593336822952974,367.0,237.0,604.0
224,0.004353063485444064,0.000915703292072322,191.0,413.0,604.0
429,0.0037139055827475342,0.0010227382114913737,202.0,402.0,604.0
295,0.001727317377252291,0.0012418494052116027,250.0,360.0,610.0
238,0.0,0.0017170722774920379,367.0,243.0,610.0
500,0.0012328139206387867,0.0013014948495905518,263.0,347.0,610.0
557,0.0,0.0017091310097150402,367.0,246.0,613.0
88,0.0,0.0017068560395458266,367.0,247.0,614.0
156,0.0,0.0016999743790010794,367.0,249.0,616.0
196,0.0010010557884438942,0.0012744252181209692,265.0,352.0,617.0
207,0.0,0.0016783849924275425,367.0,253.0,620.0
297,0.002362064569403799,0.0011029611040555007,233.0,391.0,624.0
347,0.004683227332816786,0.0,182.0,443.5,625.5
80,0.0019064999235356428,0.0011483780688102197,245.0,381.0,626.0
201,0.0,0.0016406358063081436,367.0,262.0,629.0
299,0.0008880298953148902,0.0012303774187581594,267.0,363.0,630.0
556,0.0,0.0016231875389419045,367.0,265.0,632.0
82,0.0028784801844863317,0.0008155515029248271,218.0,422.0,640.0
472,0.0,0.0015774765624848438,367.0,275.0,642.0
456,0.00232230194606875,0.0009643791127358349,235.0,409.0,644.0
209,0.003741278997359432,0.0,201.0,443.5,644.5
568,0.0013303809925409027,0.0011304330292561536,260.0,385.0,645.0
45,0.0,0.0015665295808193931,367.0,278.0,645.0
4,0.0,0.0015606920254501555,367.0,281.0,648.0
306,0.0,0.0015557033841134954,367.0,283.0,650.0
360,0.002204454257307198,0.0009120801333446633,237.0,414.0,651.0
96,0.0,0.0015538990459405791,367.0,284.0,651.0
101,0.002737750546799367,0.000586962719804551,220.0,432.0,652.0
11,0.00135850929040493,0.0010774090694069568,258.0,395.0,653.0
10,0.0,0.001547252891951108,367.0,287.0,654.0
301,0.0,0.0015374736089911248,367.0,290.0,657.0
525,0.0,0.001517885795836447,367.0,293.0,660.0
74,0.002880783669906739,0.0,217.0,443.5,660.5
491,0.0,0.0015167132816176858,367.0,294.0,661.0
521,0.002698995176573682,9.031801173345295e-05,222.0,439.0,661.0
486,0.0,0.001508045131217579,367.0,298.0,665.0
93,0.0012337454657238567,0.0010153877608139316,262.0,404.0,666.0
420,0.0,0.0015026529833829891,367.0,299.0,666.0
155,0.0,0.0015013583532412728,367.0,300.0,667.0
254,0.0,0.0014942533322329268,367.0,301.0,668.0
169,0.0,0.001462665761430202,367.0,306.0,673.0
18,0.0,0.001460862300238861,367.0,308.0,675.0
565,0.0,0.0014514782980297866,367.0,310.0,677.0
439,0.0,0.0014485054682854728,367.0,311.0,678.0
216,0.0,0.0014469367664931704,367.0,313.0,680.0
219,0.0,0.0014439478056970361,367.0,314.0,681.0
215,0.0,0.00143313160291357,367.0,316.0,683.0
303,0.0,0.0014224028487296516,367.0,318.0,685.0
349,0.0,0.0014214669654682383,367.0,319.0,686.0
554,0.0,0.001418247423181866,367.0,321.0,688.0
87,0.0006817846538440531,0.000873213266350222,270.0,419.0,689.0
523,0.0,0.0014169048584746307,367.0,322.0,689.0
584,0.0,0.0013798439099051217,367.0,330.0,697.0
436,0.0,0.0013636119239234601,367.0,331.0,698.0
106,0.0,0.0013607240903921918,367.0,332.0,699.0
71,0.0,0.0013536305380186999,367.0,334.0,701.0
340,0.0,0.0013356342846600085,367.0,336.0,703.0
566,0.0,0.0013345917260854509,367.0,337.0,704.0
427,0.0004729179694937802,0.0007127257890021464,276.0,429.0,705.0
473,0.0,0.0013147789620657476,367.0,343.0,710.0
569,0.0,0.0013021603981229243,367.0,346.0,713.0
558,0.0,0.001290409761903147,367.0,348.0,715.0
476,0.0,0.0012817903202150844,367.0,351.0,718.0
112,0.0,0.001264563950988,367.0,357.0,724.0
104,0.0,0.001221811952001628,367.0,365.0,732.0
185,0.0,0.0012082735838631134,367.0,368.0,735.0
198,0.0,0.0011920896332699743,367.0,370.0,737.0
499,0.0,0.0011879662237079187,367.0,371.0,738.0
162,0.0,0.001182604946219371,367.0,373.0,740.0
520,0.0,0.0011817697665152753,367.0,374.0,741.0
300,0.0,0.0011521543343257247,367.0,380.0,747.0
248,0.0,0.001138802358214479,367.0,382.0,749.0
222,0.0,0.00112656600405406,367.0,386.0,753.0
496,0.0,0.0011257954018030602,367.0,387.0,754.0
392,0.0,0.001125736946919169,367.0,388.0,755.0
77,0.0,0.0011196078646918005,367.0,390.0,757.0
457,0.0,0.0010995596351044041,367.0,392.0,759.0
367,0.0,0.0010805612312458073,367.0,394.0,761.0
161,0.0,0.0010563564882640536,367.0,398.0,765.0
376,0.0,0.0010482235463811483,367.0,399.0,766.0
46,0.0,0.001030027853472158,367.0,400.0,767.0
494,0.0,0.0010155809025851133,367.0,403.0,770.0
471,0.0,0.0009934551589506541,367.0,407.0,774.0
302,0.0,0.0009771904450471473,367.0,408.0,775.0
283,0.0,0.0009532774206151755,367.0,410.0,777.0
354,0.0,0.0009512980119478524,367.0,411.0,778.0
418,0.0,0.0009498395554775274,367.0,412.0,779.0
550,0.0,0.0008970148410187252,367.0,415.0,782.0
362,0.0,0.0008888751779592317,367.0,416.0,783.0
255,0.0,0.0008858723484809822,367.0,418.0,785.0
548,0.0,0.0008694579532814474,367.0,420.0,787.0
549,0.0,0.0008091708462075705,367.0,423.0,790.0
435,0.0,0.0007970299293414605,367.0,424.0,791.0
23,0.0,0.0007773290217230498,367.0,425.0,792.0
350,0.0,0.0007684453048008856,367.0,426.0,793.0
389,0.0,0.0006684148503764393,367.0,431.0,798.0
545,0.0,0.0005865166759822563,367.0,433.0,800.0
94,0.0,0.0005102998939684516,367.0,434.0,801.0
114,0.0,0.00022234817085908717,367.0,436.0,803.0
167,0.0,0.0002208333480752902,367.0,437.0,804.0
387,0.0,2.9928191448706005e-05,367.0,440.0,807.0
478,0.0,0.0,367.0,443.5,810.5
342,0.0,0.0,367.0,443.5,810.5
206,0.0,0.0,367.0,443.5,810.5
