feature,good_mean,defective_mean,difference,percentage_change
104,-5.809979494190019e-06,-0.00013846153846153847,-0.00013265155896734844,2283.1674208144805
10,6.274777853725222e-05,0.0013182692307692307,0.0012555214522319785,2000.9018350930116
99,0.0007586466165413534,0.012444230769230765,0.011685584152689412,1540.3198139818548
102,0.0018341079972658918,-0.009071153846153847,-0.010905261843419738,594.5812274782201
249,0.0007857826384142174,0.004996153846153846,0.0042103712077396285,535.8188132326962
387,0.00025105946684894056,0.0015798076923076924,0.0013287482254587517,529.2563718611907
114,9.200273410799727e-05,0.0005519230769230768,0.00045992034281507955,499.8985598354096
101,-5.741626794258376e-06,-2.7884615384615386e-05,-2.214298859035701e-05,385.65705128205104
107,-0.0014038961038961033,-0.00675673076923077,-0.005352834665334667,381.2842453568636
67,13.41703000683527,62.207329807692304,48.790299800857035,363.6445605025922
100,-2.7341079972658915e-05,6.538461538461539e-05,9.27256953572743e-05,339.14423076923083
340,12.2048010252905,48.55767596153846,36.35287493624796,297.8571699851426
9,-0.0007160628844839373,-0.002607692307692308,-0.0018916294232083704,264.1708520574499
204,27.52882939166097,96.33493653846152,68.80610714680054,249.94200141195714
79,0.002940054682159945,0.010089423076923076,0.007149368394763131,243.17127290675984
59,2.5557311346548186,8.515123076923079,5.95939194226826,233.17757730697855
98,-0.01571688311688312,-0.0512201923076923,-0.035503309190809185,225.89281174122516
436,6.530367053998633,21.24868653846154,14.718319484462908,225.38272906804954
435,8.37338933697881,23.306973076923075,14.933583739944265,178.34574673357332
91,0.00221161995898838,0.0055096153846153845,0.0032979954256270043,149.12125441007254
521,10.600730006835269,25.8089125,15.208182493164733,143.46353961810757
360,0.0027390293916609706,0.005840384615384616,0.0031013552237236456,113.22825644608938
434,13.716830280246072,28.954782692307692,15.23795241206162,111.08945799239167
494,0.8944098427887902,1.8290673076923079,0.9346574649035176,104.4999082287863
74,0.0028677375256322625,0.0,-0.0028677375256322625,100.0
209,0.03154477101845523,0.0,-0.03154477101845523,100.0
206,0.001367053998632946,0.0,-0.001367053998632946,100.0
342,0.00030567327409432673,0.0,-0.00030567327409432673,100.0
347,0.009511073137388927,0.0,-0.009511073137388927,100.0
478,0.1367053998632946,0.0,-0.1367053998632946,100.0
275,9.221211073137388,0.10601153846153848,-9.115199534675849,98.85035124322916
140,27.661773000683528,0.3183855769230769,-27.34338742376045,98.84900517072708
430,17.36416903622693,33.15611538461538,15.791946348388453,90.94559212964155
129,-0.5852153793574847,-0.08264134615384615,0.5025740332036386,85.87847328199422
222,0.008354613807245385,0.015384615384615384,0.007030001577369998,84.14514111081182
431,21.187932740943268,38.70734230769231,17.51940956674904,82.68578997749401
299,0.05719917976760082,0.10303076923076923,0.04583158946316841,80.12630539350614
24,-284.30092255639096,-495.4935865384615,-211.19266398207054,74.28490280054598
4,4.375148667122351,1.3034048076923077,-3.0717438594300437,70.2089024428605
164,0.1222535885167464,0.20722115384615386,0.08496756532940745,69.50108079467012
93,-0.0005650034176349966,-0.00018942307692307694,0.00037558034071191965,66.47399449087085
300,0.11343294600136707,0.18738076923076924,0.07394782322940217,65.19078084114201
78,-0.013073274094326726,-0.0213875,-0.008314225905673274,63.597120703537556
106,0.000561038961038961,0.0002173076923076923,-0.0003437312687312687,61.26691595441594
165,0.24287969924812028,0.37937499999999996,0.13649530075187968,56.19872767235241
96,0.017631578947368422,0.009260576923076925,-0.008371002024291497,47.47732491389207
95,5.809979494190021e-05,8.365384615384616e-05,2.5554051211945952e-05,43.98303167420814
247,0.04020779220779221,0.05726250000000001,0.017054707792207795,42.416424418604656
295,246.02467990430623,350.0111961538462,103.98651624953996,42.266701165910085
298,0.06205105946684894,0.08825865384615383,0.026207594379304894,42.235530874869944
519,8.801270198222829,12.374343750000001,3.5730735517771723,40.59724870733607
574,9.41139090909091,5.658487500000001,-3.7529034090909095,39.876182440427606
196,8.4561995898838,11.827692307692306,3.371492717808506,39.87007025995273
294,391.34122590567324,546.7809076923077,155.43968178663442,39.71973088879237
572,29.191639644565964,18.01961346153846,-11.172026183027505,38.27132123805585
160,541.5338345864661,747.3942307692307,205.8603961827646,38.01431841095703
390,1.468733766233766,0.9132586538461539,-0.5554751123876122,37.82000013603567
287,0.3765044087491456,0.2346798076923077,-0.1418246010568379,37.668775653389936
477,6.101554682159945,8.398981730769231,2.2974270486092863,37.65314199881921
523,0.46539501025290503,0.2921423076923077,-0.17325270256059733,37.22702193700967
510,54.430400683527,74.34794903846154,19.91754835493454,36.59269104179579
252,4.758911893369788,3.0442971153846154,-1.7146147779851728,36.029554999200734
389,0.0013710184552289814,0.0008788461538461539,-0.0004921723013828275,35.89829877969273
163,0.13694531784005468,0.18566346153846153,0.04871814369840685,35.5748881866171
251,0.004387833219412166,0.002835576923076923,-0.0015522562963352434,35.3763741399268
159,862.1120984278879,1167.0288461538462,304.9167477259583,35.36857309878749
152,1.2239205058099794,0.7932798076923078,-0.4306406981176716,35.18534872758566
75,-0.007057894736842105,-0.004585576923076922,0.0024723178137651828,35.029111455285964
80,-0.017966165413533835,-0.02420480769230769,-0.006238642278773854,34.724395190496864
576,5.69223014354067,3.7563278846153847,-1.9359022589252857,34.00955706476617
332,2.538819480519481,3.3267490384615384,0.7879295579420575,31.03527304670103
199,11.292494873547506,14.731153846153846,3.4386589726063406,30.450834922771104
82,0.006203896103896104,0.004315384615384614,-0.0018885114885114898,30.440733643580636
205,8.880047846889953,11.367019230769232,2.486971383879279,28.006283600716042
341,2.6821206425153794,3.414610576923077,0.7324899344076976,27.31010390795639
511,270.77917170198225,343.82616923076927,73.04699752878702,26.97659390478602
428,4.284761107313739,3.1580701923076924,-1.1266909150060465,26.29530297693556
554,0.49106568694463437,0.6188961538461537,0.12783046690151934,26.031235800014613
471,9.468171770334928,11.909639423076923,2.441467652741995,25.786051541559964
76,-0.028893506493506495,-0.036268269230769236,-0.00737476273726274,25.523945108289777
348,0.02426295283663705,0.03044807692307692,0.006185124086439873,25.492050073560453
557,1.5810484620642518,1.9810250000000003,0.3999765379357485,25.298183296262174
551,1.198051948051948,1.4883653846153846,0.29031343656343656,24.232124244319365
335,3.370094941900205,4.173675,0.8035800580997954,23.844433820214643
385,0.009172863978127136,0.01132596153846154,0.0021530975603344035,23.472467982393553
155,0.5138728639781271,0.39490384615384616,-0.11896901782428099,23.151449738615675
468,227.22125857826381,176.3233951923077,-50.89786338595613,22.400132674392754
433,202.62228058783325,245.2264048076923,42.604124219859045,21.026376811207044
92,0.0005138755980861245,0.0004067307692307692,-0.00010714482885535527,20.85034379028794
195,0.28313738892686263,0.34152884615384616,0.05839145722698352,20.62301183474806
467,6.166859193438141,7.42771826923077,1.260859075792629,20.44572506429608
210,0.08757518796992482,0.10490576923076925,0.017330581260844427,19.789373751382776
151,14.226180792891316,11.444384615384614,-2.7817961775067026,19.554061754204184
425,6.7063949419002045,8.002597115384615,1.296202173484411,19.327853261161238
286,4.313270984278879,3.484928846153846,-0.8283421381250329,19.20450027703327
103,-0.009912918660287082,-0.008052884615384615,0.0018600340449024672,18.763737589758453
424,3.352639097744361,2.773875961538462,-0.5787631362058989,17.262911972698998
334,0.16632857142857144,0.1947471153846154,0.028418543956043957,17.08578611116617
484,216.50001148325362,180.59559615384615,-35.90441532940747,16.58402467668446
337,2.302003998632946,2.6675057692307695,0.3655017705978234,15.877547163900585
213,0.05965789473684211,0.06902499999999999,0.009367105263157878,15.701367445963799
198,0.5511408065618592,0.6371346153846154,0.0859938088227562,15.602874582850253
351,0.027267053998632947,0.031519230769230765,0.004252176770597818,15.594558806429928
573,0.3490719070403281,0.29730865384615385,-0.05176325319417424,14.828822414573184
577,16.80752918660287,14.318917307692308,-2.4886118789105627,14.806530164434953
499,265.4357119617225,226.6257798076923,-38.80993215403021,14.621217268468698
470,5.311701708817498,6.080841346153846,0.7691396373363482,14.4800984599637
575,0.10568195488721806,0.09132596153846155,-0.014355993348756507,13.584148177498207
488,355.64068728639785,309.1308076923077,-46.50987959409014,13.07777238565386
479,3.2550657552973346,3.676194230769231,0.42112847547189647,12.937633434487362
485,201.45023677375258,176.0055971153846,-25.444639658367976,12.630732068557796
290,0.12419965823650032,0.10869903846153847,-0.015500619774961852,12.4804045317465
336,9.65366927546138,10.855379807692307,1.2017105322309263,12.448225622205113
63,13.872927238550924,15.585729807692307,1.7128025691413828,12.346367422599494
207,20.20885850991114,22.692019230769233,2.483160720858095,12.287486300328467
200,17.458397129186604,19.570288461538464,2.1118913323518598,12.096708058159827
197,19.93263841421736,22.302788461538462,2.3701500473211006,11.89079939176814
469,5.617367053998632,6.283320192307693,0.6659531383090611,11.85525410583617
365,0.005158714969241285,0.005747115384615384,0.000588400415374099,11.405949328125754
437,3.9867131237183866,4.435286538461538,0.4485734147431515,11.251710389554425
460,28.980066473000683,32.225772115384615,3.245705642383932,11.199786741026967
475,4.231742720437457,4.697063461538462,0.46532074110100474,10.995960100639156
343,6.153626657552973,6.818742307692308,0.6651156501393354,10.808514834467104
418,322.54708209159264,287.7276673076923,-34.819414783900356,10.795141769105449
333,6.1708011619958985,6.836201923076923,0.6654007610810249,10.783053020392673
331,0.08264928229665072,0.0914875,0.008838217703349277,10.693641200206086
203,29.86197922077922,33.04502115384616,3.1830419330669386,10.659179385042384
77,-0.007133219412166782,-0.006409615384615385,0.000723604027551397,10.144143699227605
486,299.71234012303483,329.67441057692304,29.962070453888202,9.996942548841492
188,42.93650820232399,47.049798076923075,4.113289874599083,9.579935692992487
227,0.01900198222829802,0.020805769230769232,0.0018037870024712119,9.492625457700864
214,0.08362877648667123,0.07638365384615385,-0.007245122640517382,8.663432546657084
476,20.00164777853725,21.72812980769231,1.7264820291550578,8.631698989358554
14,9.056656322624745,8.282810576923076,-0.773845745701669,8.544497197806859
524,5.7199311688311685,5.235524038461539,-0.4844071303696298,8.468758033474996
161,4087.8872180451126,3742.980769230769,-344.90644881434355,8.437278976088848
483,206.82739999999998,189.42007884615384,-17.40732115384614,8.416351582936372
417,8.23586056049214,7.543214423076924,-0.6926461374152169,8.410124629087058
166,2.773205741626794,3.005769230769231,0.23256348914243707,8.386088549132047
423,77.22876052631578,83.5093951923077,6.2806346659919114,8.132507401632813
500,239.39284682159948,258.69346057692303,19.300613755323553,8.062318490955903
324,13.26168755980861,14.315735576923077,1.0540480171144662,7.948068542263847
125,1.1909576213260422,1.0969807692307691,-0.09397685209527307,7.890864495298906
211,0.05640546821599453,0.06085096153846154,0.004445493322467013,7.881316232397542
202,10.110079904306222,10.904902884615383,0.7948229803091618,7.8616884122806985
339,9.281156801093644,10.009767307692307,0.7286105065986632,7.8504277237596884
144,0.12061763499658236,0.11119326923076923,-0.009424365765813125,7.813422776926575
224,0.05843274094326726,0.06296442307692308,0.004531682133655825,7.755381761152819
349,0.025105263157894735,0.02703076923076923,0.001925506072874495,7.669730688598618
587,0.016390704032809296,0.01764326923076923,0.0012525651979599338,7.641924321570764
288,0.003903280929596719,0.004200961538461538,0.00029768060886481906,7.6264202919049175
201,7.795092276144908,8.389423076923077,0.5943308007781685,7.624422902561161
279,0.041258851674641155,0.03814134615384615,-0.003117505520795004,7.55596773603641
40,68.40471086807929,63.27060576923077,-5.134105098848522,7.505484686207958
64,20.438286021872862,21.967568269230767,1.529282247357905,7.482438819582432
81,-0.021234107997265893,-0.019658653846153847,0.001575454151112047,7.419450590130287
565,0.14038226247436772,0.15073653846153842,0.010354275987170702,7.375772269706282
145,0.06392501708817498,0.05925384615384615,-0.004671170934328832,7.307265835980383
122,3.917087491455913,3.6335096153846154,-0.2835778760712975,7.239508351290273
280,0.01811913875598086,0.016807692307692305,-0.0013114464482885564,7.23790719829698
569,20.30151138072454,21.759409615384616,1.4578982346600746,7.181230044006918
567,0.05781971975393028,0.06195192307692307,0.004132203322992793,7.146702440929607
181,0.5493458646616541,0.5103173076923078,-0.03902855696934637,7.104550972343139
248,0.025054272043745725,0.026816346153846152,0.0017620741101004277,7.033028567039498
281,0.015162884483937114,0.014102884615384614,-0.0010599998685524997,6.990753439264254
362,0.018107587149692413,0.019371153846153844,0.0012635666964614309,6.978106392727729
301,0.9058952836637046,0.9689846153846152,0.06308933172091058,6.964307338675938
296,1887.0698163362952,1755.9046192307692,-131.16519710552598,6.950733670266654
146,0.05525632262474368,0.05144903846153846,-0.0038072841632052143,6.890223566018343
153,0.011870745044429256,0.012686538461538461,0.0008157934171092052,6.872301730480208
453,5.4858002050581,5.109446153846154,-0.3763540512119459,6.860513273249256
588,0.005259056732740943,0.005618269230769231,0.0003592124980282881,6.830359820839426
489,270.1390976760082,288.57741730769226,18.438319631684067,6.8254909379308355
426,1.2282084073820916,1.310483653846154,0.08227524646406237,6.69880176438711
317,0.1733887218045113,0.16185480769230767,-0.011533914112203614,6.652055561726576
520,2.68430991114149,2.8604375,0.1761275888585101,6.561373115953391
94,-2.891319207108681e-05,-3.076923076923078e-05,-1.8560386981439703e-06,6.419348972540492
127,0.6512124401913876,0.610475,-0.040737440191387586,6.25562991078842
561,32.150507074504446,34.15173365384616,2.0012265793417114,6.2245568155554745
386,0.00824688995215311,0.008757692307692307,0.0005108023555391965,6.193878643983062
316,6.001144702665755,5.635603846153846,-0.3655408565119087,6.091185509150156
419,307.77582604237864,326.44035576923073,18.664529726852095,6.064326093070778
559,0.3243911825017088,0.3439,0.019508817498291198,6.013978970648634
282,0.005746343130553657,0.006091346153846154,0.0003450030232924964,6.003870904577456
319,7.885572727272727,8.349119230769231,0.46354650349650406,5.8784126344216014
455,3.6226237867395765,3.834556730769231,0.21193294402965446,5.850260929810703
65,27.023830246069718,28.592296153846153,1.5684659077764351,5.804010362315494
560,0.07215878332194121,0.0763201923076923,0.004161408985751083,5.76701656288283
183,26.560261995898838,28.08586538461539,1.5256033887165508,5.7439320024483145
526,1.4489590567327408,1.3660653846153847,-0.0828936721173561,5.7209119700230255
254,0.013995557074504443,0.01320673076923077,-0.0007888263052736738,5.6362622871987735
283,2.814219343814081,2.6571971153846152,-0.15702222842946556,5.579601631785213
392,0.004549555707450445,0.0042971153846153845,-0.0002524403228350604,5.548680773853565
180,19.082433356117566,18.03701923076923,-1.045414125348337,5.478410985846267
318,3.200126930963773,3.0262288461538462,-0.17389808480992697,5.434099601716566
143,0.004182706766917294,0.003959615384615384,-0.00022309138230190966,5.333660587120974
272,41.14692228298018,43.339398557692306,2.192476274712128,5.3284089138764426
135,118.34996582365004,112.0576923076923,-6.292273515957731,5.316666948035855
452,5.365647334244702,5.081178846153847,-0.28446848809085523,5.301662043185672
550,16.84267259056733,17.73048076923077,0.8878081786634411,5.271183500655677
408,5.35823981544771,5.077336538461538,-0.2809032769861721,5.242454363022964
338,3.025047265892003,3.181793269230769,0.1567460033387662,5.181605097748651
454,7.910613260423788,7.501317307692309,-0.4092959527314788,5.17401039915775
556,4.177832535885168,4.39203076923077,0.21419823334560206,5.1270181728387385
416,3.414909295967191,3.2410451923076926,-0.17386410365949834,5.091324207785599
553,7.632337457279563,8.020259615384616,0.38792215810505226,5.0826127680591515
410,4.911933834586466,5.161027403846154,0.24909356925968762,5.071191462428539
137,122.25946684894053,128.4548076923077,6.195340843367163,5.067371061761546
147,0.017350854408749145,0.018227884615384618,0.0008770302066354735,5.054680224814936
363,331.4469775803144,348.1442408653847,16.697263285070278,5.037687598470947
555,57.0085083390294,59.86652307692308,2.858014737893683,5.013312610982696
148,8.498521941216678,8.077825961538462,-0.42069597967821615,4.950225257852165
33,8.931151401230348,9.3681875,0.4370360987696511,4.893390327135708
21,-5636.36021872864,-5363.822115384615,272.5381033440244,4.8353563783668045
182,10.814818865345183,10.2925,-0.5223188653451825,4.829658932327493
302,0.40202768284347234,0.4214019230769231,0.019374240233450746,4.819130885818631
359,0.019777033492822966,0.020724999999999997,0.000947966507177031,4.793269463395739
352,0.023409364319890637,0.022288461538461538,-0.0011209027814290985,4.788266636000371
420,1.8153381408065619,1.9011971153846154,0.08585897457805358,4.729640866792239
167,1.231989063568011,1.2884615384615385,0.05647247489352747,4.583845470995932
415,6.646607928913192,6.344533653846154,-0.30207427506703777,4.544788534208469
413,25.6414980861244,24.48621923076923,-1.1552788553551707,4.505504520347571
439,70.8470019822283,67.68731730769231,-3.1596846745359954,4.459870687723088
497,11.757046684894053,12.27265528846154,0.5156086035674861,4.3855282486031255
278,0.0011205741626794258,0.0010721153846153845,-4.8458778064041285e-05,4.3244596991394655
487,238.17600348598768,228.10276057692312,-10.073242909064561,4.22932737204031
271,45.92723807245386,47.8544173076923,1.927179235238441,4.196157478919509
377,0.001574982911825017,0.0015096153846153846,-6.536752720963227e-05,4.150364217849667
138,57.43096363636363,59.79421923076923,2.363255594405601,4.114950272067619
411,2.6085168831168835,2.713416346153846,0.10489946303696263,4.021421663624412
474,37.51637317156528,39.010423076923075,1.494049905357798,3.98239429628603
406,6.708982091592618,6.972583653846153,0.2636015622535357,3.9290843030251765
388,35.06453274094327,36.42900384615385,1.3644711052105762,3.8913140959022248
438,54.55622590567327,56.63047596153846,2.0742500558651855,3.8020409612855666
162,4805.227614490773,4625.6442307692305,-179.5833837215423,3.7372503058957256
543,0.00849090909090909,0.008175961538461538,-0.00031494755244755243,3.7092324164058637
321,2.269114183185236,2.186160576923077,-0.08295360626215897,3.655770471000012
344,23.271678400546822,22.44988461538461,-0.8217937851622104,3.531304322007563
185,7.382552973342446,7.123173076923076,-0.25937989641936987,3.5134173416155767
208,73.4342091592618,70.87344230769232,-2.5607668515694826,3.4871579348199586
225,1036.2707998632945,1072.2105423076923,35.93974244439778,3.468180561407209
238,0.004780177717019822,0.0049451923076923076,0.00016501459067248554,3.4520597442423764
421,4.183776896787424,4.039902884615385,-0.14387401217203877,3.438854788899346
130,0.7433754272043746,0.7686903846153847,0.025314957411010197,3.4054068085371902
170,0.6827943950786055,0.7059528846153846,0.023158489536779125,3.391722267156725
443,0.6325414900888585,0.6537211538461538,0.021179663757295297,3.34834379865264
221,0.060583321941216677,0.06260576923076923,0.002022447289552552,3.338290514202754
174,0.31940933014354067,0.3300442307692308,0.010634900625690114,3.3295522772959862
89,0.18833253588516743,0.19460288461538464,0.006270348730217201,3.329402803794051
172,0.3194094668489405,0.3300384615384615,0.010628994689520999,3.3277018350078547
445,0.6456720437457278,0.6670740384615385,0.021401994715810613,3.3146850515087403
525,5.5417064251537935,5.724975000000001,0.18326857484620707,3.3070783759737146
239,0.004584552289815448,0.004435576923076923,-0.00014897536673852494,3.2495074179756376
270,29.321796719070402,28.371660576923077,-0.9501361421473256,3.240374903524834
142,6.652453861927547,6.4370192307692315,-0.21543463115831507,3.2384235295679744
22,2705.13004101162,2617.7884615384614,-87.34157947315862,3.228738661321289
217,0.0713306903622693,0.07362884615384614,0.002298155791576842,3.221833098635566
545,7.626823581681477,7.3849519230769225,-0.24187165860455462,3.1713288764866046
26,1.9426054682159943,1.881321153846154,-0.061284314369840276,3.1547483713263285
253,0.03310997949419002,0.03415288461538461,0.0010429051211945928,3.1498211026605945
482,318.69564524948737,308.7728942307692,-9.922751018718145,3.1135508647914625
441,0.8004525632262475,0.8250413461538462,0.024588782927598696,3.0718601023017387
3,1398.1986566643882,1355.7814346153848,-42.417222049003385,3.0337049636563096
541,9.591688243335613,9.880410576923076,0.28872233358746335,3.0101305032309624
493,2.525005058099795,2.6009644230769235,0.07595936497712863,3.00828565604111
353,0.04043745727956254,0.039234615384615396,-0.0012028418949471473,2.9745735164091895
31,3.680012098427888,3.572554807692308,-0.10745729073558019,2.920025474413148
357,0.0009961722488038278,0.001025,2.8827751196172256e-05,2.8938520653218065
491,2.4365483253588516,2.506693269230769,0.0701449438719175,2.8788652842166242
457,5.273435099111415,5.121714423076923,-0.15172067603449246,2.8770748702313167
539,3.039971428571429,2.9551192307692307,-0.08485219780219833,2.7912169504195914
215,0.08124764183185235,0.07898365384615386,-0.00226398798569849,2.7865276267143493
376,0.001597881066302119,0.0016423076923076925,4.442662600557352e-05,2.780346231173977
297,2345.148729254956,2280.882958653846,-64.26577060111003,2.7403707832861843
583,0.015289336978810662,0.015702884615384615,0.0004135476365739535,2.70481079164574
228,0.01780956937799043,0.018289423076923078,0.0004798536989326467,2.6943587952534296
30,0.18383410799726588,0.18877692307692312,0.004942815079657242,2.6887366732460527
522,14.70296801093643,15.093179807692307,0.39021179675587625,2.653966168365646
442,1.347556015037594,1.3121653846153845,-0.03539063042220958,2.6262826945432955
175,0.7767074504442925,0.7967451923076924,0.020037741863399905,2.5798312932286036
355,0.03440574162679426,0.03528846153846154,0.0008827199116672804,2.5656180332989598
366,0.004805194805194805,0.004927884615384615,0.00012268981018980982,2.5532744282744204
219,0.003246616541353384,0.0033288461538461545,8.222961249277055e-05,2.5327787080913575
407,1.2299855775803143,1.260889423076923,0.03090384549660863,2.5125372248188578
446,1.1730448393711552,1.202444230769231,0.02939939139807568,2.506246173320713
267,0.07070457963089542,0.0689326923076923,-0.0017718873232031168,2.5060432187745647
368,0.00316514012303486,0.003241346153846154,7.620603081129416e-05,2.40766689148109
585,3.062814730006835,3.1353442307692303,0.0725295007623954,2.3680668651555536
150,6.822969241285032,6.666961538461539,-0.15600770282349252,2.286507491188839
108,-0.010806561859193438,-0.010559615384615388,0.0002469464745780501,2.285153019023955
405,0.02424265208475735,0.023689423076923073,-0.0005532290078342772,2.2820482094948753
310,0.30429316473000684,0.31118557692307697,0.00689241219307013,2.2650565283599544
473,39.34532347915243,40.225003846153854,0.879680367001427,2.235793962826448
169,0.4010628844839371,0.3921057692307692,-0.008957115253167947,2.2333443456612567
285,2.1224595010252907,2.0752605769230774,-0.04719892410221327,2.223784438733131
269,3.771935748462064,3.8555634615384613,0.08362771307639738,2.217103329782195
311,0.09748721804511278,0.09533749999999999,-0.0021497180451127834,2.205128106248748
480,75.62724791524265,73.9900548076923,-1.6371931075503454,2.164819099837123
412,30.82488762816131,31.48711826923077,0.6622306410694598,2.148363520600323
28,69.59772993848257,68.1115423076923,-1.486187630790269,2.13539670346132
584,0.0038410116199589883,0.003922115384615385,8.11037646563967e-05,2.1115209398211263
27,6.648735475051264,6.508482692307693,-0.14025278274357156,2.1094655257357813
25,1.2056198222829801,1.1803961538461538,-0.02522366843682633,2.092174329803437
409,4.573760628844839,4.669020192307692,0.0952595634628528,2.0827404666105536
126,2.746922077922078,2.802913461538462,0.05599138361638367,2.0383317046524527
277,2.2125738209159262,2.1678278846153844,-0.0447459363005418,2.0223477236126106
216,0.0833898154477102,0.08505961538461539,0.001669799936905192,2.00240272500932
273,20.1503980177717,20.534380769230772,0.38398275145907235,1.9055839548202356
432,99.19038318523582,101.06493365384615,1.8745504686103374,1.8898510202442271
307,0.12876131237183866,0.13117211538461537,0.0024108030127767133,1.8723038530508014
309,0.1287617908407382,0.1311701923076923,0.0024084014669541187,1.8704317882103725
23,-3811.0422077238554,-3739.863781730769,71.17842599308642,1.8676892596158814
218,3.7759890293916607,3.7064769230769232,-0.06951210631473748,1.840897994503347
546,1.0195446343130554,1.0008557692307691,-0.018688865082286288,1.8330600204549548
447,0.2822345864661654,0.27710192307692305,-0.005132663389242342,1.8185805834458395
47,1.176584996582365,1.197976923076923,0.021391926494558122,1.8181369435013541
305,0.26459788106630217,0.26939711538461536,0.004799234318313195,1.8137841085396358
136,138.017976760082,140.47403846153844,2.4560617014564343,1.779523044107385
176,0.24500225563909775,0.2406980769230769,-0.0043041787160208456,1.756791464957427
440,11.539235269993165,11.359860576923076,-0.17937469307008946,1.5544764351632439
552,0.2633455228981545,0.2674105769230769,0.00406505402492241,1.5436199484942517
496,29.64007641831852,29.20443557692308,-0.43564084139544335,1.4697696296295757
304,0.13221093643198906,0.13028365384615384,-0.001927282585835216,1.4577331027578297
255,0.4042243335611757,0.39855576923076924,-0.005668564330406467,1.4023312947211728
250,109.54962337662337,111.07659423076925,1.5269708541458726,1.3938622581076903
568,2.3713541353383456,2.4043701923076926,0.03301605696934695,1.392287068276127
549,0.6308107997265892,0.6390384615384614,0.008227661811872289,1.3042994532494347
563,0.6752135338345865,0.6667375,-0.008476033834586505,1.2553116029014548
527,6.400965071770335,6.321891346153846,-0.07907372561648884,1.2353406826920739
459,2.83605984278879,2.8709432692307693,0.03488342644197928,1.2299961346258925
29,2.3643421736158574,2.392519230769231,0.028177057153373486,1.1917503933147497
356,1.2996200273410798,1.2842653846153846,-0.0153546427256952,1.1814716919305706
156,0.05804313055365686,0.05872788461538462,0.0006847540617277575,1.1797331660027361
274,136.16708209159262,134.59726538461538,-1.5698167069772353,1.1528606494786309
115,747.9533277511962,739.3719509615386,-8.581376789657611,1.1473144742143822
187,17.923154408749145,18.120384615384616,0.19723020663547075,1.100421288225879
168,0.12429938482570062,0.12566346153846153,0.0013640767127609116,1.097412279774107
350,0.02311797676008202,0.023369230769230767,0.0002512540091487471,1.0868339031406469
323,5.389621052631579,5.447486538461539,0.05786548582995987,1.0736466490850227
303,0.04031319207108681,0.040745192307692316,0.00043200023660550785,1.071610096872841
268,19.483024606971977,19.69175,0.20872539302802195,1.0713192496473563
128,3.1899480519480523,3.2238557692307697,0.03390771728271735,1.062955155712032
391,0.010936773752563226,0.011051923076923079,0.00011514932435985337,1.0528637326237649
544,0.0025075871496924125,0.002533653846153846,2.60666964614336e-05,1.0395130819134646
139,416.36216062884483,412.0683432692307,-4.293817359614138,1.0312698332454253
177,0.3949678742310321,0.39091346153846157,-0.004054412692570508,1.026517080778809
571,2.103255434039645,2.081873076923077,-0.021382357116567885,1.0166314928044464
448,0.3324377990430622,0.3291317307692307,-0.0033060682738315084,0.9944922879853558
589,99.71746801093643,98.7362375,-0.9812305109364274,0.9840106558148989
320,0.04307481203007519,0.043497115384615384,0.0004223033545401947,0.9803951187188906
184,0.1447136021872864,0.1461307692307692,0.0014171670434827977,0.9792908351826659
586,0.02144408749145591,0.02165096153846154,0.0002068740470056278,0.9647136866423147
105,-0.0004970608339029391,-0.0004923076923076923,4.7531415952468395e-06,0.9562494711009525
90,8833.021081681478,8749.358032692307,-83.66304898917042,0.9471623379533936
490,51.38440570745044,50.90006442307693,-0.48434128437351376,0.9425841900965823
354,0.041982159945317836,0.04158653846153845,-0.0003956214837793834,0.9423561919984206
212,0.051249965823650025,0.05172500000000001,0.0004750341763499824,0.9268965719598024
51,157.34121479835954,158.79224326923077,1.451028470871222,0.9222176609801735
134,39.41359275461381,39.050279807692306,-0.3633129469215035,0.9217960645797092
312,0.16012235133287767,0.15867403846153844,-0.0014483128713392301,0.9045038742457252
112,0.4596862611073137,0.463835096153846,0.004148835046532295,0.9025362290659694
540,1.940865960355434,1.9583278846153847,0.017461924259950745,0.8996975894591358
564,6.217566643882434,6.271057692307693,0.05349104842525865,0.8603212717935137
361,39.959004511278195,39.61850961538461,-0.3404948958935847,0.8521105569521434
41,3.3469397129186604,3.374849038461538,0.027909325542877728,0.8338759564491742
367,0.0037731373889268627,0.0037423076923076923,-3.082969661917035e-05,0.8170838599635191
558,0.9944763499658237,1.0022865384615385,0.007810188495714798,0.7853568861625724
117,58.65480881749829,58.219350000000006,-0.4354588174982865,0.7424094056008201
566,2.5318615516062883,2.5136990384615383,-0.018162513144750037,0.717358069331524
306,0.048597881066302126,0.048941346153846155,0.0003434650875440287,0.7067491010059452
171,0.12000382775119618,0.12083942307692307,0.0008355953257268844,0.6963072273488837
83,7.455446445659603,7.40466923076923,-0.050777214890373124,0.6810754427715661
495,6.810894736842105,6.764652884615385,-0.046241852226719615,0.6789394640998344
289,2.579638004101162,2.563083653846154,-0.016554350255008288,0.6417315231319215
68,147.496975393028,146.61122596153845,-0.8857494314895575,0.6005204033027418
8,1.4623084757347913,1.4706192307692305,0.008310755034439232,0.5683311813031231
62,116.54478099794942,115.8883798076923,-0.6564011902571139,0.5632180048188199
542,0.11124340396445659,0.11068557692307694,-0.0005578270413796466,0.5014472961991329
32,85.30918055365686,85.73346442307692,0.4242838694200657,0.49734842916842237
173,0.5763797676008202,0.5735634615384615,-0.00281630606235872,0.4886198684734526
444,0.8953262474367738,0.8911288461538462,-0.00419740128292756,0.46881249097122807
154,7.695408407382091,7.728674038461538,0.03326563107944658,0.43227895542925765
562,263.07174436090224,261.9663846153846,-1.10535974551766,0.42017425634325883
58,4.59200970608339,4.610835576923077,0.01882587083968712,0.40997018831965953
6,101.08985386192755,101.49097211538461,0.40111825345705654,0.3967937811097436
393,0.1340237867395762,0.1335076923076923,-0.0005160944318839122,0.3850767423000394
7,0.12179412166780587,0.12225673076923077,0.00046260910142489897,0.37982875945907124
70,619.2333946001368,617.2449288461539,-1.9884657539828368,0.3211173317399762
88,1807.4316734791526,1813.2076903846153,5.776016905462711,0.319570415314476
124,15.791763499658238,15.834807692307692,0.043044192649453805,0.2725736910281449
66,706.7883120300751,704.9710125,-1.8172995300750472,0.25712076715803384
0,3014.9331373889268,3007.52625,-7.406887388926862,0.24567335497667364
71,104.33913547505126,104.08742115384615,-0.25171432120511383,0.24124631669514046
456,12.32315187969925,12.351951923076923,0.02880004337767339,0.23370679562196764
427,4.057653144224197,4.067049038461539,0.009395894237341551,0.2315598180370836
16,9.90598014354067,9.928818269230769,0.022838125690098465,0.23054887410601543
121,15.794135338345864,15.828076923076923,0.03394158473105868,0.21489992331934407
19,12.479381203007518,12.506069230769231,0.026688027761712974,0.2138569799861646
547,403.4222159945318,404.2333076923077,0.8110916977758507,0.20105280909637474
123,15.82758031442242,15.858942307692306,0.03136199326988631,0.19814774366558488
48,139.9906592276145,139.71333557692307,-0.2773236506914145,0.19810153921806076
35,64.56394524948735,64.43727307692308,-0.12667217256426966,0.19619645620289208
223,122.86227505126452,122.6256576923077,-0.23661735895682057,0.19258747964588113
45,136.72536753246754,136.98864326923075,0.26327573676320526,0.1925580757357894
56,0.9287383458646618,0.9304932692307692,0.001754923366107497,0.18895778061943286
133,1003.9253081339714,1005.7005471153848,1.7752389814133949,0.17682978674111616
429,4.1713712235133285,4.178489423076924,0.007118199563595162,0.17064411633927593
11,0.9644629528366372,0.9628307692307693,-0.0016321836058679207,0.1692323796437605
472,137.87469360902256,138.1059826923077,0.23128908328513376,0.16775310771751237
44,10.032248564593301,10.015957692307692,-0.01629087228560877,0.1623850543646213
120,6.311534859876965,6.301412499999999,-0.010122359876966414,0.16037873673668873
87,0.9825244702665756,0.9809548076923077,-0.0015696625742679382,0.15975811511768884
86,2.4016230348598766,2.405367307692308,0.0037442728324315055,0.15590593436533914
43,355.57166602870814,355.0605432692307,-0.5111227594774164,0.1437467628357512
61,10.422288858509912,10.435939423076924,0.013650564567011969,0.13097472879833047
582,0.5000535885167463,0.5006961538461538,0.0006425653294075406,0.12849929370840257
84,0.13311838687628164,0.13294807692307692,-0.00017030995320471698,0.12793871470437862
118,0.5984703349282297,0.5977221153846155,-0.0007482195436141481,0.1250219935636203
548,75.40883253588517,75.50298076923077,0.09414823334560651,0.12485040568795934
60,355.1829298701299,354.7453269230769,-0.4376029470529943,0.12320494884509249
20,1.4049505126452493,1.4065134615384616,0.0015629488932122904,0.11124583244356136
38,86.8303042378674,86.92465865384614,0.09435441597874217,0.10866530620491993
308,0.21842949419002053,0.21820961538461542,-0.0002198788054051104,0.10066351443080716
50,632.2885442241969,631.762526923077,-0.526017301119964,0.08319260342845129
37,66.21793164730008,66.26838653846153,0.05045489116145063,0.07619520861840123
54,4.838308954203691,4.841701923076924,0.0033929688732330376,0.07012716437393086
46,733.7031836637046,733.243414423077,-0.4597692406276792,0.06266420139161015
18,190.05312371838687,189.95513076923075,-0.09799294915612222,0.05156082006908988
116,0.9871626110731373,0.9866701923076923,-0.0004924187654450352,0.04988223418528081
17,0.9714774436090228,0.9710057692307692,-0.0004716743782535726,0.04855227276315444
15,413.0974848257007,412.8999653846153,-0.197519441085376,0.04781424441950207
12,199.9614122351333,199.88395769230766,-0.07745454282564879,0.03873474484895641
57,0.9492369104579631,0.9489105769230769,-0.00032633353488620287,0.034378513023557204
55,2856.228981544771,2855.2884615384614,-0.9405200063097254,0.03292873268868842
1,2495.9204647983597,2495.1014903846153,-0.8189744137443995,0.0328125204827215
53,4.592879015721121,4.594384615384615,0.0015055996634938396,0.0327811740379024
36,49.418296924128505,49.40612884615385,-0.01216807797465691,0.02462261699009672
34,50.581712166780584,50.59387980769231,0.012167640911727062,0.024055415268679124
570,530.5313482570061,530.4149557692308,-0.11639248777532885,0.021938852088141763
119,0.9707637047163363,0.9709653846153846,0.00020167989904829042,0.02077538520120328
131,0.9977972317156528,0.9979596153846154,0.0001623836689625957,0.016274215221401916
39,118.68038694463432,118.66514807692307,-0.01523886771124694,0.012840257858576107
113,0.94541989063568,0.9454846153846154,6.472474893537417e-05,0.006846137845889263
2,2200.5597833219413,2200.441876923077,-0.11790639886430654,0.005358018435032758
132,2.318505878332194,2.3186173076923073,0.00011142936011321325,0.00480608486502391
291,0.01992617908407382,0.019926923076923078,7.439928492586345e-07,0.003733745672562371
